{"cameraMode":{"drawMode":0,"name":"Shaded","section":"Shading Mode"},"sceneLighting":false,"audioPlay":false,"sceneViewState":{"m_AlwaysRefresh":false,"showFog":true,"showSkybox":true,"showFlares":true,"showImageEffects":true,"showParticleSystems":true,"showVisualEffectGraphs":true,"m_FxEnabled":true},"in2DMode":false,"pivot":{"x":-18.54086685180664,"y":-10.287874221801758,"z":-21.918527603149415},"rotation":{"x":0.14720597863197328,"y":-0.7821105718612671,"z":0.20162568986415864,"w":0.5709714293479919},"size":35.378841400146487,"orthographic":false}